file_name,rank,r2,coefficient
list_by_type_4,1,.6528560369924533,.0000144022441761
list_by_type_2,2,.6523930906215072,.0000140052822622
list_by_type_1,3,.6172231863199924,1.928481740240457
list_by_type_3,4,.5274834636297456,2.057892358167245
